orders,company_name,price_range,page,product_name
 Orders  (591),BDF Official Store,US $62.00 - 68.20,https://www.aliexpress.com/category/200216607/tablet.html,BDF 10 inch 3G Phone Call SIM card Android 6.0 Quad Core CE WiFi FM 16GB Tablet Pc
 Orders  (274),CHUWI Russian Store,US $189.42 - 224.52,https://www.aliexpress.com/category/200216607/tablet.html,CHUWI Hi10 Air tablet PC Windows10 Intel Cherry Quad Core 4GB RAM 64GB ROM 1 Tablet
 Orders  (21),China Tablet Store,US $71.39 - 92.39,https://www.aliexpress.com/category/200216607/tablet.html,perkbox 2019 Google Play Store Android 8.0 OS 10 inch tablet 4GB RAM 64GB ROM
 Orders  (28),Shop3583006 Store,US $71.28 - 194.70,https://www.aliexpress.com/category/200216607/tablet.html,FENGXIANG 2019 Google Play Android 8.0 OS inch tablet Octa Core 128GB Kids Tablets
 Orders  (3630),"SHENZHEN BDF TOUCH TECHNOLOGY CO.,LTD.",US $82.47 - 103.47,https://www.aliexpress.com/category/200216607/tablet.html,BDF 10 inch Design 3G Phone Call Android 7.0 Quad Core 4G 32G Tablet pc WiFi
 Orders  (661),Mi France Store,US $162.99 - 218.99,https://www.aliexpress.com/category/200216607/tablet.html,Xiaomi Mi Pad 4 MiPad 4 OTG 660 Octa Core Tablets PC 1920x1200 kids Tablet Android
 Orders  (3402),CHUWI Official Store,US $189.70 - 201.56,https://www.aliexpress.com/category/200216607/tablet.html,CHUWI Hi9 Air MT6797 X23 10 Core Android 4GB RAM 64GB ROM 2560x1600 Display Tablet
 Orders  (7),"ShenZhen Yell-Cool Technology Co.,Ltd.",US $81.34 - 102.90,https://www.aliexpress.com/category/200216607/tablet.html,Lonwalk 2018 Double SIM 10 Octa core tablet pc 1280*800 10.1 inch tablet pcs 4G 32GB
 Orders  (510),Top Tablets Store,US $151.99 - 191.99,https://www.aliexpress.com/category/200216607/tablet.html,FULCOL 2019 10 inch tablet PC 3G 4G LTE Android 7.0 Octa Core 4GB RAM 64GB ROM WiFi
 Orders  (1359),Tablet Factory Store,US $74.48 - 94.57,https://www.aliexpress.com/category/200216607/tablet.html,BEESITTO 2019 10 inch tablet PC Octa Core 4GB RAM 64GB ROM Android 7.0 WiFi Bluetooth
 Orders  (983),Android phone Tablets Store,US $64.16 - 77.96,https://www.aliexpress.com/category/200216607/tablet.html,FULCOL 10 Inch Tablet pc Android 6.0 Octa Core 4GB RAM 64GB ROM dual sim kids Tablets
 Order  (1),Shen Zhen Technology Wholesale Store,US $93.99 - 102.99,https://www.aliexpress.com/category/200216607/tablet.html,Glavey 3G Compatible 10.1 inch Windows 8.1tablet Intel Atom Z373T IPS HDMI Quad core
 Orders  (1510),CHUWI Official Store,US $219.84 - 266.13,https://www.aliexpress.com/category/200216607/tablet.html,CHUWI Hi9 Plus Deca Core Android 8.0 Tablet PC 2560x1600 Display 4GB RAM 64GB ROM
 Orders  (3854),Mi France Store,US $178.99 - 239.99,https://www.aliexpress.com/category/200216607/tablet.html,"Xiaomi Mi Pad 4 OTG MiPad 4 8"" PC Snapdragon 660 Octa Core 1920x1200 Tablet Android"
 Orders  (48),"Shenzhen HongyangTechnology Co., Ltd.",US $64.60 - 74.61,https://www.aliexpress.com/category/200216607/tablet.html,idoshow 10 inch Tablet PC Ocat Core 4GB RAM 64GB ROM Android 4.4 GPS 5.0MP
 Orders  (40),mumu tablet Store,US $64.79 - 75.59,https://www.aliexpress.com/category/200216607/tablet.html,FULCOL 10 inch 3G Octa Core 4GB RAM 64GB ROM IPS 1280*800 dual sim cards Tablet
 Orders  (225),Android phone Tablets Store,US $73.03 - 87.99,https://www.aliexpress.com/category/200216607/tablet.html,FULCOL 2.5D Tempered Glass 10 inch Android 8.0 3G 4G LTE Tablet PC 4GB RAM 64GB ROM
 Orders  (510),CHUWI Official Store,US $150.69,https://www.aliexpress.com/category/200216607/tablet.html,CHUWI Hi9 Pro Android 8.0 4G LTE Tablet PC MT6797 X20 Deca Core 3GB RAM 32GB ROM
 Orders  (1989),Peakier tablets Store,US $74.60 - 93.32,https://www.aliexpress.com/category/200216607/tablet.html,BEESITTO Android 7.0 10 inch tablet Octa Core 4GB RAM 64GB ROM Kids Tablets 10 10.1
 Orders  (1099),Mon Cheng Tablets Store,US $45.03 - 61.75,https://www.aliexpress.com/category/200216607/tablet.html,BDF 2018 7 Inch Android 6.0 Tablet Pc 3G Sim Phone Call 1024*600 Screen Quad Core
 Order  (1),Flash Drive Storage Device AE Store,US $174.99,https://www.aliexpress.com/category/200216607/tablet.html,Jumper Ezpad 7 2 in 1 Tablet PC 10.1 inch Windows 10 Home Version 4GB RAM 64GB
 Orders  (3),Bach Melody,US $69.98 - 80.76,https://www.aliexpress.com/category/200216607/tablet.html,FULCOL 2018 DHL Free 10 inch Tablet PC MTK8752 Octa Core 4GB RAM 64GB ROM Android 7.0
 Orders  (2373),Xiaomi Mi Store,US $302.99 - 358.99,https://www.aliexpress.com/category/200216607/tablet.html,Multi-language Xiaomi Mi 4 Plus 64GB/128GB Tablets 4 Snapdragon 1920x1200 Screen
 Orders  (288),Top Tablets Store,US $92.99 - 111.99,https://www.aliexpress.com/category/200216607/tablet.html,FULCOL 10 inch Tablet PC Octa Core 4GB RAM 64GB ROM 3G Bluetooth WiFi Android 8.0
 Orders  (125),"Shenzhen TopTab Technology Co.,Ltd",US $68.30 - 84.86,https://www.aliexpress.com/category/200216607/tablet.html,FULCOL Google play 10 inch Tablet android 8.0 Octa Core kids Tablets 4GB RAM 64GB ROM
 Orders  (1890),"Shenzhen Skyline Technology Co.,Ltd ",US $80.36 - 102.50,https://www.aliexpress.com/category/200216607/tablet.html,BDF 10 inch Phone Call Android 7.0 Quad Core 4G 32G Tablet Pc Built-in 3G
 Orders  (445),Tablet Factory Store,US $70.99 - 85.99,https://www.aliexpress.com/category/200216607/tablet.html,BEESITTO 2019 10 Inch Tablet PC 3G 4G LTE Octa Core 4GB RAM 64GB ROM Android 7.0
 Orders  (23),"Galavey Electronics Co, Ltd",US $38.99 - 43.19,https://www.aliexpress.com/category/200216607/tablet.html,Glavey 2018 phone call tablet pc 7 inch Intel R706 3G WCDMA Quad core Bluetooth Wifi
 Orders  (417),"Shenzhen HongyangTechnology Co., Ltd.",US $75.43 - 91.83,https://www.aliexpress.com/category/200216607/tablet.html,Noablecun 2019 10 inch Android 7.0 Octa Core 4GB RAM 64GB ROM 8 Cores Screen Tablets
 Orders  (4),WKS Store,US $76.09 - 130.45,https://www.aliexpress.com/category/200216607/tablet.html,WayWalkers 10 inch 3G/4G LTE tablet pc 10 core android 7.0 RAM 4GB ROM 64GB
 Orders  (27),"ShenZhen Yell-Cool Technology Co.,Ltd.",US $94.29 - 117.51,https://www.aliexpress.com/category/200216607/tablet.html,Lonwalk 10 inch T10 tablet PC Deca Core 3G 4G GPS Android 7.0 4GB 128gb/64gb Screen
 Orders  (4),Bach Melody,US $65.56 - 99.22,https://www.aliexpress.com/category/200216607/tablet.html,FULCOL Unlock 4G FDD LTE 10 inch Octa Core Android 7.0 4GB RAM 32GB ROM tablet
 Orders  (394),ALLDOCUBE Official Store,US $130.37 - 133.50,https://www.aliexpress.com/category/200216607/tablet.html,ALLDOCUBE M5S 10.1 inch 4G LTE 10 Core Android 8.0 Tablets PC 3GB RAM 32GB ROM
 Orders  (14),"MC Computer accessories Technology Co., Ltd.",US $120.59 - 133.99,https://www.aliexpress.com/category/200216607/tablet.html,Alldocube M8 MT6797X Helio Deca Core 8 inch Tablet PC Android 8.0 3GB RAM 32GB ROM
 Orders  (63),Best Deal Group,US $72.95 - 92.15,https://www.aliexpress.com/category/200216607/tablet.html,2019 New DHL Free 10 inch Tablet PC 3G 4G LTE Octa Core 4GB RAM 64GB ROM Dual SIM Cards Android 7.0 GPS Tablet PC 10 10.1 +Gifts
 Orders  (9),Lontab Store,US $108.99 - 139.00,https://www.aliexpress.com/category/200216607/tablet.html,Lonwalk 2018 Version 10 inch tablet 4GB RAM 64GB ROM MTK6797 Deca Core Android 7.0
 Orders  (1787),China Tablet Store,US $75.59 - 98.27,https://www.aliexpress.com/category/200216607/tablet.html,perkbox Super 10 inch tablet Android 7.0 Octa Core 4GB RAM 32GB ROM 8 Cores Screen
 Orders  (630),Hong Kong Goldway,US $295.99 - 359.99,https://www.aliexpress.com/category/200216607/tablet.html,Multi-language Xiaomi Mi 4 Plus 64GB/128GB Tablets 4 Snapdragon 1920x1200 Screen
 Orders  (5),Shenzhen BM Store,US $83.70,https://www.aliexpress.com/category/200216607/tablet.html,WayWalkers 10.1 inch Octa Core 3G Tablet PC 4GB RAM 64GB ROM 1920X1200 Android 7.0
 Orders  (57),Lontab Store,US $89.99 - 131.00,https://www.aliexpress.com/category/200216607/tablet.html,Lonwalk Android 7.0 10.1 inch tablet pc 8 10 Core 4GB RAM 64GB ROM 1920x1200
 Order  (1),lenmon tablets Store,US $83.43 - 148.85,https://www.aliexpress.com/category/200216607/tablet.html,BMXC Android 7.0 Octa Core 10 inch Tablet PC 4GB RAM 32GB ROM 5MP WIFI A-GPS 4G LTE
 Orders  (32),"MC Computer accessories Technology Co., Ltd.",US $168.99 - 194.99,https://www.aliexpress.com/category/200216607/tablet.html,ALLDOCUBE M5X 10.1 Inch 4G Tablet PC 4GB RAM 64GB ROM Android 8.0 Deca Core
 Orders  (57),ALLDOCUBE Official Store,US $132.78 - 144.40,https://www.aliexpress.com/category/200216607/tablet.html,ALLDOCUBE M8 MT6797X Helio Deca Core 8 inch Tablet PC Android 8.0 3GB RAM 32GB ROM
 Order  (1),Mon Cheng Tablets Store,US $123.60 - 146.00,https://www.aliexpress.com/category/200216607/tablet.html,BDF 10 Inch Octa Core 2G RAM 32G ROM Android 7.0 Tablet PC WIFI Sim 4G Phone Call LTE
 Orders  (522),"Shenzhen Skyline Technology Co.,Ltd ",US $73.13 - 103.88,https://www.aliexpress.com/category/200216607/tablet.html,BDF 2018 Best-Selling 10 inch 3G Phone Call Quad Core Tablet pc Android 4G 32G tablet
 Orders  (3),E-live Technology Limited,US $429.99 - 449.99,https://www.aliexpress.com/category/200216607/tablet.html,Huawei MediaPad M5 SHT-AL09 LTE Tablet PC Kirin 4GB ram 64GB rom Android 8.0
 Orders  (481),honyuda Store,US $70.06 - 83.89,https://www.aliexpress.com/category/200216607/tablet.html,CONGWEI 2018 10 inch Tablet PC Octa Core 4GB RAM 64GB ROM Android 7.0 10 10.1
 Orders  (7),Shenzhen BM Store,US $78.27 - 124.57,https://www.aliexpress.com/category/200216607/tablet.html,WayWalkers 2019 WiFi Android 8.0 Octa Core 4GB RAM 64GB ROM Tablet pc 10 Inch Tablet
 Orders  (716),Mi France Store,US $178.99 - 239.99,https://www.aliexpress.com/category/200216607/tablet/2.html,"Xiaomi Mi Pad 4 PC 8"" 1920x1200 FHD Android 8.1 Snapdragon 660 Octa Core Tablet"
 Orders  (4),Android phone Tablets Store,US $71.37 - 87.71,https://www.aliexpress.com/category/200216607/tablet/2.html,FULCOL 2.5D Tempered Glass 10 inch Android 8.0 3G 4G LTE Tablet PC 1280*800 128GB
 Orders  (44),Bach Melody,US $69.89 - 83.95,https://www.aliexpress.com/category/200216607/tablet/2.html,FULCOL 2019 10 inch Tablet PCs Octa Core 4GB RAM 64GB ROM Android 7.0 Tablet PC
 Orders  (16),Bach Melody,US $68.81 - 79.86,https://www.aliexpress.com/category/200216607/tablet/2.html,FULCOL 10 inch Tablet PC Octa Core 4GB RAM 64GB ROM Android 7.0 Tablet PCs 10 10.1
 Orders  (106),"ShenZhen Yell-Cool Technology Co.,Ltd.",US $95.15 - 124.02,https://www.aliexpress.com/category/200216607/tablet/2.html,Lonwalk T10 10 inch 10 Core Tablet PC Android 7.0 4GB RAM 128GB ROM Screen
 Orders  (18),"ShenZhen Yell-Cool Technology Co.,Ltd.",US $83.99 - 115.00,https://www.aliexpress.com/category/200216607/tablet/2.html,Lonwalk 10 inch MTK8752 3G Dual SIM WCDMA GPS 4GB/32GB Android 7.0 Tablet PC support
 Orders  (77),Android phone Tablets Store,US $68.79 - 82.12,https://www.aliexpress.com/category/200216607/tablet/2.html,FULCOL 10 inch Tablet PC Octa Core 4GB RAM 64GB ROM 1280*800 Dual Cameras Android 8.0
 Orders  (450),"Shenzhen HongyangTechnology Co., Ltd.",US $68.58 - 80.10,https://www.aliexpress.com/category/200216607/tablet/2.html,Noablecun DHL Free 10 Inch Tablet PC 3G Octa Core 4GB RAM 64GB ROM Android 7.0
 Order  (1),China Tablet Store,US $69.59 - 89.59,https://www.aliexpress.com/category/200216607/tablet/2.html,perkbox NERLMIAY Android 7.0 OS 10 inch tablet pc Octa Core 4GB RAM 32GB ROM 8 Cores
 Orders  (18),"MC Computer accessories Technology Co., Ltd.",US $140.69 - 167.49,https://www.aliexpress.com/category/200216607/tablet/2.html,ALLDOCUBE M5XS Phone Call Tablets PC 3GB RAM 32GB ROM 10.1 inch Android 8.0 10 Core
 Orders  (69),"Shenzhen TopTab Technology Co.,Ltd",US $67.47 - 80.73,https://www.aliexpress.com/category/200216607/tablet/2.html,FULCOL 2019 10 inch Tablet pc Android 6.0 kids Tablets 10.1 Octa core 1280x800 IPS HD
 Order  (1),Lontab Store,US $82.07 - 107.99,https://www.aliexpress.com/category/200216607/tablet/2.html,Lonwalk 10 inch Super 1280*800 IPS Screen Touch PC Tablets 4GB RAM 64GB ROM
 Orders  (2),Teclast vivoBuy Store,US $409.99 - 429.99,https://www.aliexpress.com/category/200216607/tablet/2.html,Teclast F15 laptop 15.6inch IPS 1920x1080 Windows10 Intel N4100 Quad Core 8GB DDR4
 Orders  (0),"Shenzhen HongyangTechnology Co., Ltd.",US $64.67 - 74.68,https://www.aliexpress.com/category/200216607/tablet/2.html,idoshow 10 Inch Tablet pc Android 4.4 Octa Core 4GB RAM 64GB ROM Dual Sim WiFi FM IPS
 Order  (1),ShenZhen GO GO co Store,US $110.98 - 116.39,https://www.aliexpress.com/category/200216607/tablet/2.html,ZONNYOU 10.1 inch Tablet PC 2.5D Steel Screen 3G 32GB Android 7.0 Octa Core
 Orders  (420),Tablets Android Store,US $87.99 - 109.99,https://www.aliexpress.com/category/200216607/tablet/2.html,Lonwalk 2019 10 inch 4G LTE Tablet PC Octa Core 4GB RAM 64GB ROM Android 7.0
 Orders  (519),ShenZhen GO GO co Store,US $74.36 - 79.66,https://www.aliexpress.com/category/200216607/tablet/2.html,ZONNYOU 10/1 inches Tablet PC Android 7.0 Phone Call Octa -Core 4GB Ram 32GB Rom
 Orders  (830),Tablet Factory Store,US $78.01 - 98.69,https://www.aliexpress.com/category/200216607/tablet/2.html,BEESITTO Super 2.5D 10 Inch Tablet PC 4GB RAM 64GB ROM Octa Core Tablets
 Orders  (14),Shenzhen Luckystars Store,US $164.87 - 177.12,https://www.aliexpress.com/category/200216607/tablet/2.html,Aoson S8 PRO 8 inch 4G Phone Call Android 6.0 16GB ROM 1GB RAM SIM GPS WIFI tablets
 Orders  (34),honyuda Store,US $73.91 - 95.51,https://www.aliexpress.com/category/200216607/tablet/2.html,CONGWEI 2019 Google Play Android 7.0 OS 10 inch Octa Core 4GB RAM 32GB ROM Tablets
 Orders  (4),Lontab Store,US $95.99 - 116.00,https://www.aliexpress.com/category/200216607/tablet/2.html,Lonwalk 10.1' 4G Android Octa Core 32GB 64GB ROM Dual Camera Tablet PC 1920X1200
 Orders  (20),Shenzhen eBuy Group,US $75.99 - 92.99,https://www.aliexpress.com/category/200216607/tablet/2.html,BEESITTO 2019 10 inch tablet pc Android 8.0 Octa Core 4GB RAM 64GB ROM WIFI Bluetooth
 Orders  (23),ALLDOCUBE Official Store,US $164.34 - 185.24,https://www.aliexpress.com/category/200216607/tablet/2.html,ALLDOCUBE M5X 10.1 Inch 4G Tablet PC Android 8.0 Deca core 4GB RAM 64GB ROM
 Orders  (184),ALLDOCUBE Official Store,US $178.02 - 217.26,https://www.aliexpress.com/category/200216607/tablet/2.html,"ALLDOCUBE 10.1"" Tablets PC iwork10 Pro Full View IPS 1920*1200 4GB RAM 64GB ROM"
 Orders  (42),"Shenzhen Skyline Technology Co.,Ltd ",US $73.02 - 89.09,https://www.aliexpress.com/category/200216607/tablet/2.html,BDF 8 inch Tablet Pc Phone Call Android 6.0 Quad Core 3G 4G LTE Mobile Screen
 Orders  (603),CHUWI Official Store,US $189.70 - 237.13,https://www.aliexpress.com/category/200216607/tablet/2.html,CHUWI Hi10 Air Intel Quad Core Windows 10 Tablet 10.1 Inch 4GB RAM 64GB ROM 1 Tablet
 Orders  (869),Teclast Global Store,US $219.50 - 225.53,https://www.aliexpress.com/category/200216607/tablet/2.html,Teclast T20 4G LTE Network Tablet PC Fingerprint Lock MT6797 X27 64GB 10.1 inch
 Orders  (35),Shop4419102 Store,US $78.92 - 92.90,https://www.aliexpress.com/category/200216607/tablet/2.html,FENGXIANG 10.1 inch 3G/4G For Android7.0 Octa Core LTE PC 1920*1280 Resolving Tablets
 Order  (1),WKS Store,US $74.98 - 133.45,https://www.aliexpress.com/category/200216607/tablet/2.html,WayWalkers 10.1 inch tablet pc Android 7.0 octa core RAM 4GB ROM 32/64GB tablets pcs
 Orders  (16),mumu tablet Store,US $70.65 - 81.00,https://www.aliexpress.com/category/200216607/tablet/2.html,FULCOL 2018 10 inch Octa Core 3G Tablet pc 4GB RAM 64GB ROM Dual Cameras Android 8.0
 Orders  (64),BDF Official Store,US $66.36 - 79.00,https://www.aliexpress.com/category/200216607/tablet/2.html,BDF 2018 Russian Moscow Warehouse 10 Inch Mobile Sim Card Tablet Pc 16GB Quad Core
 Order  (1),Flash Drive Storage Device AE Store,US $106.19,https://www.aliexpress.com/category/200216607/tablet/2.html,Huawei MediaPad T2 4G Phablet 7.0 inch Android 6.0 Quad Core 1.5GHz 1GB 16GB Tablet
 Order  (1),BDF Official Store,US $78.03 - 94.16,https://www.aliexpress.com/category/200216607/tablet/2.html,BDF 10 Inch Quad Core 4GB RAM 32GB ROM Android 7.0 Mobile Phone Call Tablets Pc
 Orders  (33),Shenzhen BDF Tablet Pc Technology Co. Store,US $46.70 - 65.52,https://www.aliexpress.com/category/200216607/tablet/2.html,BDF 7 Inch Small Computer Tablet Pc 1GB 16GB Dual SIM 3G Phone Quad Core Tablet
 Orders  (23),Mon Cheng Tablets Store,US $95.20 - 114.75,https://www.aliexpress.com/category/200216607/tablet/2.html,10 Inch Android 7.0 Octa Core 4GB/32GB Bluetooth WIFI 3G Phone Mobile Tablet PC BDF
 Orders  (12),"Shenzhen Skyline Technology Co.,Ltd ",US $75.54 - 109.96,https://www.aliexpress.com/category/200216607/tablet/2.html,BDF 10.1 Inch Quad Core Android 7.0 Phone Call Tablet Pc 1920x1200 HD IPS Tablets
 Orders  (2),WKS Store,US $73.51 - 125.43,https://www.aliexpress.com/category/200216607/tablet/2.html,WayWalkers 10 inch tablet pc Octa Core 3G 4G LTE Android 7.0 RAM 4GB 64GB tablets pcs
 Orders  (30),Shop4419102 Store,US $89.70 - 155.35,https://www.aliexpress.com/category/200216607/tablet/2.html,FENGXIANG 10.2 inch Android 7.0 Tablet Pcs 4GB 64GB Tablette 3G 4GLTE Tablets PC
 Orders  (31),ShenZhen BDF Tablet Technology Co. Store,US $86.06 - 115.44,https://www.aliexpress.com/category/200216607/tablet/2.html,RU BDF Tablet Pc 10 Inch Android 7.0 Bluetooth Sim Card 1920*1200 Quad Core Tablet
 Orders  (3),Shenzhen BM Store,US $78.31 - 124.57,https://www.aliexpress.com/category/200216607/tablet/2.html,WayWalkers 2019 10.1 inch tablet PC 3G 4G LTE Android 8.0 Octa Core 4GB RAM 64GB ROM
 Orders  (10),Top Tablets Store,US $69.99 - 86.99,https://www.aliexpress.com/category/200216607/tablet/2.html,FULCOL 2019 10 inch Tablet PC Android 7.0 Octa Core 4GB RAM 64GB ROM 8 Cores Screen
 Orders  (781),China Tablet Store,US $81.69 - 103.19,https://www.aliexpress.com/category/200216607/tablet/2.html,perkbox 10 Inch tablet Support Youtube Octa Core 4GB RAM 64GB ROM 3G Android 8.0
 Orders  (28),Best Deal Group,US $69.95 - 88.43,https://www.aliexpress.com/category/200216607/tablet/2.html,Free shipping 209 New 10 Inch Tablet PC Android 7.0 Octa Core 4GB RAM 64GB ROM 3G 4G LTE Dual Sim Cards Phone Tablets pc 10.1
 Orders  (14),"Shenzhen TopTab Technology Co.,Ltd",US $64.23 - 77.43,https://www.aliexpress.com/category/200216607/tablet/2.html,FULCOL 10 Inch Tablet pc Android 6.0 Octa Core 4GB RAM 64GB ROM dual sim WiFi FM IPS
 Orders  (21),honyuda Store,US $71.19 - 82.76,https://www.aliexpress.com/category/200216607/tablet/2.html,CONGWEI 10 Inch 3G phone Octa Core Android 7.0 4GB RAM 64GB ROM Tablet pc 7 8 9 10
 Orders  (4),Shenzhen BM Store,US $78.31 - 124.57,https://www.aliexpress.com/category/200216607/tablet/2.html,WayWalkers 10.1 inch Supe 3G 4G Phone Call Tablet PC 4GB/64GB Android 8.0 Octa Core
 Orders  (80),NewPhone Tablets Store,US $76.35 - 93.83,https://www.aliexpress.com/category/200216607/tablet/2.html,RUNNINGLION Tempered Glass Tablet PC 10 Inch 128GB Android 8.0 kids Tablets Octa Core
 Orders  (188),KMAX Official Store,US $42.53 - 61.97,https://www.aliexpress.com/category/200216607/tablet/2.html,KMAX 7 inch 3G Phone Call Tablets pc Android 8.1 SIM HD Quad Core usb wifi 16GB
